competitor,category,source_type,source_url,positive_themes,negative_risks_to_address,evidence_summary,tc_action
Complete Weddings + Events,national,competitor website,https://completewedo.com/fargo/dj/dj-packages/,"package clarity; MC; dance lighting; wireless mics; planning portal","generic franchise tone; gated pricing","Public package pages emphasize bundled services and request-pricing flow.","Use clear package comparison and availability CTA without sounding generic."
Bunn DJ Company,national,website and public vendor profile,https://bunndjcompany.com/weddings/,"professionalism; preparation; ceremony confidence; reviews; responsiveness","pricing opacity; less local Spanish differentiation","Website and vendor profile emphasize reviews, preparation, and wedding/corporate service breadth.","Use preparation, ceremony audio, and review-proof messaging."
Bunn DJ Company,national,public vendor profile,https://www.zola.com/wedding-vendors/wedding-bands-djs/bunn-dj-company,"reviews; trust density; wedding credibility","review proof requires TC-owned equivalents","Public profile provides independent review context for buyer trust patterns.","Build TC proof only from real owned profiles."
Toast & Jam,national,public review profile,https://www.weddingwire.com/biz/toast-jam-inc-chicago/11dafe34fef266ee.html,"anti-cheesy; planning site; must-play support; do-not-play support; playlist customization","clients fear gimmicky MCs; ignored playlists","WeddingWire profile/reviews suggest strong value in music taste and planning control.","Add MC style and playlist-control questions to TC intake."
Direct Entertainment,national,competitor website,https://www.direct-entertainment.com/dj-packages/,"pricing visibility; package builder; planning forms; backup teams","discount-heavy tone can reduce premium feel","Package/contact pages show practical conversion patterns and event-detail collection.","Use date-first funnel and structured payload while keeping premium tone."
Event Factor,Miami English,competitor website,https://www.theeventfactor.com/weddings,"production credibility; AV; lighting; staging; planner/venue relevance; bilingual talent","broad positioning can feel less personal","Public pages emphasize full-service Miami event production and advanced audiovisual services.","Use technical credibility plus warmer wedding-specific flow."
Miami DJs / Ultra Modern Productions,Miami English,competitor website,https://www.miamidjs.com/ultra-modern/,"setup visuals; sound and lighting specs; modern booth; LED visuals","setup-centric proof may overshadow planning and MC concerns","Reviewed pages merchandise specific modern setups and technical inclusions.","Add visual setup proof but anchor it to planning outcomes."
Vision DJs & Lighting,Miami English,competitor website,https://www.visiondjs.com/wedding-info/,"event-type navigation; wedding packages CTA; lighting; photo booth; availability CTA","generic dance-floor language; pricing may be gated","Website uses clear service/event pathways and availability-driven conversion.","Keep TC event-type cards and package routes scannable."
DJ AJ Falcon,Miami English / Spanish-relevant,site-owned testimonials and service page,https://djajfalcon.com/,"bilingual MC; planning forms; playlist detail; ceremony/cocktail/reception flow; responsiveness","older UX; mixed-language SEO","Site-owned testimonials and planning/service copy point to detailed forms and bilingual MC value.","Build polished guided intake around the same buyer concerns without copying copy."
SCJ Events,Miami English / Spanish-relevant,site-owned reviews and service page,https://scjevents.com/services/,"bilingual DJs; English/Spanish MC; personalized playlist; formalities; warm service","Spanish content not cleanly separated; quote form not deeply structured","Public service pages highlight bilingual DJs/MCs and personalized music.","Make bilingual flow first-class and give Spanish pages their own architecture."
SoFlo Main Events,Miami English,competitor website,https://www.soflomainevents.com/service/djs-mcs/,"venue assessment; AV production; lighting; event management; DJs and MCs","broad production tone may lack wedding warmth","Service pages stress audio/video/lighting and event-production logistics.","Add planner/venue-friendly and outdoor audio modules."
Power Parties Espanol,Miami Spanish / Latin-first,Spanish competitor website,https://powerparties.com/es/,"Spanish-first service coverage; Hora Loca; LED robots; quinces; bilingual entertainment","dense keyword copy; possible robotic Spanish; proof claims need care","Spanish pages target bodas, quinces, corporate events, Hora Loca, LED screens, and robots.","Build Spanish-first pages with cleaner premium Spanish and family-aware forms."
DJsProfesionales.com Miami,Miami Spanish / Latin-first,Spanish marketplace page,https://djsprofesionales.com/djs-bodas/estados-unidos/miami/,"Spanish pricing anchors; package tiers; FAQ; response-time promise","marketplace tone; generic local proof risk","Spanish lead-gen page shows pricing and quote structure for Miami wedding DJ searches.","Use package clarity and FAQ depth, but keep TC owner/operator credibility."
DJ Coke / DJ Hispano en Miami,Miami Spanish / Latin-first,Spanish competitor website,https://iamdjcoke.com/dj-hispano-en-miami/,"natural Spanish form; Latin DJ identity; local coverage; event-type fields","less production depth; limited ceremony/planner detail","Spanish page has direct booking fields and local market language.","Use es-US form labels and add deeper ceremony/MC/planning structure."
DJ Mayner,Miami English,competitor website,https://www.djmayner.com/,"mix samples; personal DJ credibility; vendor context","limited package/production detail","Public site leans on personal experience and media samples.","Add TC-owned mixes/media as proof when approved."
